,subject,mdm,svm
0,AA0,0.5555555555555556,0.8666666666666668
0,AA1,0.625,0.8438405797101449
0,AA4,0.5333333333333333,0.677142857142857
0,AA5,0.45454545454545453,0.7818181818181819
0,AA7,0.6666666666666666,0.6303030303030304
0,AA8,0.34782608695652173,0.9565217391304348
0,AA9,1.0,0.9047619047619048
